Time,halTdb,wesTdb,easTdb
0.0,293.15,293.15,293.15
300.0,293.177252976,291.7619008,291.761900804
600.0,293.192503622,290.949340169,290.949340362
900.0,293.193084041,290.491220881,290.491222437
1200.0,293.179298363,290.211670714,290.211676911
1500.0,293.152740566,290.019184795,290.019201716
1800.0,293.11544847,289.869932224,289.869968759
2100.0,293.069440604,289.743418283,289.743485582
2400.0,293.016500716,289.630132092,289.630242627
2700.0,292.958110934,289.525480336,289.525646892
3000.0,292.89546826,289.427095447,289.427330177
3300.0,292.829514413,289.333639496,289.333953211
3600.0,292.760979493,289.244272522,289.244674236
3900.0,292.690420495,289.158411483,289.158908166
4200.0,292.618263506,289.077840561,289.078437027
4500.0,292.544770567,289.001132886,289.001831872
4800.0,292.470336803,288.927497843,288.928300234
5100.0,292.395526634,288.85644343,288.857348429
5400.0,292.32068641,288.787634509,288.788639843
5700.0,292.24603208,288.720821819,288.721923961
6000.0,292.171700299,288.655807057,288.657001445
6300.0,292.097776528,288.592425013,288.593706257
6600.0,292.024312902,288.530534012,288.531896078
6900.0,291.951339991,288.470010432,288.471446803
7200.0,291.878874596,288.410745279,288.412249089
7500.0,291.806924892,288.352641856,288.354205988
7800.0,291.735496017,288.296650533,288.298267789
8100.0,291.664599494,288.242209624,288.243872502
8400.0,291.594243387,288.189016064,288.190716843
8700.0,291.524432932,288.136895501,288.138626188
9000.0,291.455171203,288.085738413,288.087490549
9300.0,291.386459686,288.0354696,288.037233848
9600.0,291.318298714,287.986034203,287.987799435
9900.0,291.250687788,287.937393014,287.939143775
10200.0,291.183625811,287.889529219,287.891235668
10500.0,291.117111803,287.842395343,287.844064964
10800.0,291.051142884,287.795848684,287.797578093
11100.0,290.985716579,287.749829147,287.751640176
11400.0,290.920845562,287.699486367,287.70137242
11700.0,290.856467938,287.647220502,287.649169027
12000.0,290.792491879,287.594019679,287.596019708
12300.0,290.728886298,287.540372196,287.542413975
12600.0,290.665627336,287.4865537,287.488628838
12900.0,290.602693302,287.432710347,287.434811728
13200.0,290.540065722,287.378918255,287.38103982
13500.0,290.47772931,287.325217334,287.327353872
13800.0,290.415671521,287.271628968,287.27377595
14100.0,290.353882044,287.218165025,287.220318482
14400.0,290.29235233,287.164832376,287.166988805
14700.0,290.231075207,287.111635172,287.113791464
15000.0,290.170082233,287.061258087,287.063411677
15300.0,290.10934817,287.012515096,287.014664068
15600.0,290.048906358,286.964788119,286.96693053
15900.0,289.98877714,286.917728325,286.919862292
16200.0,289.928974503,286.871154643,286.873278385
16500.0,289.869508134,286.824972783,286.82708464
16800.0,289.810384501,286.779131816,286.781230255
17100.0,289.751607623,286.733602395,286.735686009
17400.0,289.693179646,286.68836604,286.690433539
17700.0,289.635101302,286.643409894,286.645460094
18000.0,289.57737225,286.598724139,286.600755958
18300.0,289.519991338,286.55430073,286.556313176
18600.0,289.46296969,286.508387861,286.510379893
18900.0,289.406286852,286.46181265,286.463783314
19200.0,289.349916172,286.414962977,286.416911464
19500.0,289.293848472,286.368024646,286.369950258
19800.0,289.238059259,286.321087309,286.322989474
20100.0,289.182532851,286.274195425,286.276073667
20400.0,289.127255077,286.227371815,286.229225747
20700.0,289.072218443,286.180629819,286.182459124
21000.0,289.017416369,286.133977496,286.135781927
21300.0,288.962843029,286.087419826,286.089199198
21600.0,288.90849321,286.040959962,286.042714148
21900.0,288.854363036,285.994600358,285.996329284
22200.0,288.800438746,285.948201978,285.952127151
22500.0,288.746796737,285.901905027,285.909555514
22800.0,288.693472629,285.855786996,285.8682388
23100.0,288.640495336,285.80988932,285.827960043
23400.0,288.587886346,285.764232489,285.788594857
23700.0,288.535661845,285.718826533,285.750066511
24000.0,288.483834009,285.673676307,285.712322505
24300.0,288.432405539,285.628780464,285.675342903
24600.0,288.381388667,285.584144322,285.639068315
24900.0,288.330793004,285.53977038,285.603455546
25200.0,288.280619419,285.495660663,285.568419298
25500.0,288.259454611,285.451811425,285.535087199
25800.0,288.234360488,285.414742605,285.564116025
26100.0,288.207129618,285.381325866,285.640490261
26400.0,288.179711257,285.3499237,285.757389054
26700.0,288.153747355,285.319675029,285.911884587
27000.0,288.130288074,285.289947863,286.106648647
27300.0,288.109858237,285.263105767,286.281573576
27600.0,288.0924227,285.239173402,286.433386179
27900.0,288.077788828,285.217423438,286.577368057
28200.0,288.065783191,285.19742231,286.721929056
28500.0,288.056254649,285.178928942,286.87092582
28800.0,288.049048865,285.161816535,287.025915578
29100.0,288.045205792,285.563568704,287.601801777
29400.0,288.04560364,285.774065422,287.988137569
29700.0,288.049695426,285.891552483,288.288652479
30000.0,288.058828081,285.961739951,288.550178249
30300.0,288.073829391,286.010094661,288.833307696
30600.0,288.095038484,286.044374299,289.098397463
30900.0,288.122252903,286.071213885,289.356859399
31200.0,288.155148696,286.094143177,289.615570955
31500.0,288.19336689,286.115080805,289.87613536
31800.0,288.236493756,286.135139048,290.135986682
32100.0,288.284137641,286.154923165,290.393473546
32400.0,288.335906191,286.174788527,290.647440374
32700.0,288.391497911,286.195357155,290.904312247
33000.0,288.450668687,286.219573096,291.161634915
33300.0,288.512933504,286.244618894,291.388701362
33600.0,288.577561047,286.270616666,291.593337563
33900.0,288.643951,286.29760738,291.780248901
34200.0,288.711599216,286.325651874,291.952115253
34500.0,288.780080779,286.354775177,292.11032799
34800.0,288.849030234,286.384977798,292.25550429
35100.0,288.918123442,286.416249615,292.387805904
35400.0,288.987065196,286.448577866,292.507156554
35700.0,289.055587445,286.481948749,292.613970514
36000.0,289.123449767,286.516351044,292.708593298
36300.0,289.190568954,286.552988111,292.802244745
36600.0,289.256576146,286.589362188,292.859433207
36900.0,289.320997663,286.627018226,292.899598141
37200.0,289.38357945,286.66576704,292.924464731
37500.0,289.444128347,286.705500882,292.935255411
37800.0,289.50249852,286.746155198,292.93292798
38100.0,289.558581303,286.787688103,292.918401692
38400.0,289.612295384,286.830067604,292.893377212
38700.0,289.663586188,286.87327124,292.859081531
39000.0,289.712429338,286.917281967,292.816266061
39300.0,289.758831822,286.962085132,292.765507432
39600.0,289.802831018,287.007667268,292.70736001
39900.0,289.844492513,287.054015691,292.642406815
40200.0,289.883850693,287.100285252,292.56455277
40500.0,289.920932455,287.146669912,292.47995797
40800.0,289.955831247,287.193310786,292.394472435
41100.0,289.988652381,287.240257882,292.309176761
41400.0,290.019519038,287.287540088,292.227025266
41700.0,290.048594143,287.335172843,292.151680841
42000.0,290.076083467,287.383162582,292.086251313
42300.0,290.102150787,287.429715738,292.026514685
42600.0,290.127006889,287.477021397,291.982128727
42900.0,290.150936641,287.524933705,291.950688475
43200.0,290.174174998,287.573257396,291.92887059
43500.0,290.196767607,287.574545833,291.867004617
43800.0,290.218685041,287.594831459,291.828604917
44100.0,290.240064641,287.628303791,291.8038757
44400.0,290.261072851,287.672213579,291.787523407
44700.0,290.281883485,287.724943517,291.776642957
45000.0,290.302666829,287.784975385,291.769562115
45300.0,290.323432445,287.839012603,291.761908783
45600.0,290.344211033,287.898554484,291.757537738
45900.0,290.36511397,287.96003282,291.7555764
46200.0,290.386211076,288.021470397,291.755487438
46500.0,290.40754164,288.081874786,291.7569259
46800.0,290.429119134,288.140408186,291.75965538
47100.0,290.451296418,288.301243855,291.86446837
47400.0,290.474429572,288.426844394,291.925635909
47700.0,290.498447748,288.532966736,291.96320457
48000.0,290.523232333,288.62636425,291.98778321
48300.0,290.548657934,288.711183574,292.005026327
48600.0,290.574604372,288.790135529,292.018029161
48900.0,290.600963228,288.864782109,292.028485484
49200.0,290.627639245,288.936060521,292.03733472
49500.0,290.654548969,289.004549347,292.045104631
49800.0,290.681618752,289.070600422,292.052094818
50100.0,290.708782819,289.134422912,292.058477561
50400.0,290.735981596,289.196137058,292.064353613
50700.0,290.763160352,289.255808764,292.069783273
51000.0,290.790228251,289.308969384,292.068945092
51300.0,290.817081698,289.357183248,292.064051609
51600.0,290.843639443,289.401323225,292.056252381
51900.0,290.869820303,289.441829888,292.046263057
52200.0,290.895550797,289.478990794,292.03452965
52500.0,290.920764708,289.512984809,292.021325486
52800.0,290.945402031,289.543914633,292.006819765
53100.0,290.96940783,289.57183194,291.991119914
53400.0,290.992731263,289.596755663,291.974296501
53700.0,291.015324767,289.618684455,291.956397728
54000.0,291.037143329,289.637596763,291.937457851
54300.0,291.058143219,289.653402126,291.917501944
54600.0,291.078272154,289.66646214,291.899052681
54900.0,291.097493975,289.676578093,291.8813405
55200.0,291.115773469,289.683628862,291.863938372
55500.0,291.133075352,289.687548128,291.84661373
55800.0,291.149364397,289.688306751,291.829245213
56100.0,291.164605846,289.685899579,291.811776375
56400.0,291.178765728,289.68033536,291.794189907
56700.0,291.191811032,289.671627915,291.776493284
57000.0,291.203709658,289.659780284,291.758710854
57300.0,291.214432069,289.645087093,291.740879911
57600.0,291.22392877,289.623851362,291.723047602
57900.0,291.232094129,289.593449996,291.705273524
58200.0,291.238954181,289.572693287,291.688616431
58500.0,291.244724002,289.560237871,291.672803547
58800.0,291.249621728,289.555731938,291.657719969
59100.0,291.253814442,289.559243406,291.643279951
59400.0,291.257450689,289.568431028,291.629577203
59700.0,291.26039476,289.55347577,291.61790596
60000.0,291.26240763,289.522903619,291.607886559
60300.0,291.263308364,289.483251982,291.59926062
60600.0,291.263005096,289.439875743,291.591950763
60900.0,291.261468085,289.397290009,291.585933939
61200.0,291.258763729,289.362613079,291.581084613
61500.0,291.253828127,288.857406576,291.112157478
61800.0,291.245455272,288.531177387,290.818597624
62100.0,291.233725915,288.322504688,290.634058317
62400.0,291.218644964,288.181839499,290.510115305
62700.0,291.200477903,288.079899652,290.419460638
63000.0,291.179601933,287.999703179,290.346782318
63300.0,291.156409729,287.932043241,290.284026076
63600.0,291.131266325,287.871963205,290.22698057
63900.0,291.104489886,287.816774035,290.173431383
64200.0,291.076350111,287.764957414,290.122168957
64500.0,291.047071038,287.715633935,290.072520883
64800.0,291.016836632,287.668265206,290.024093746
65100.0,290.985797717,287.622499427,289.976642337
65400.0,290.954058007,287.569657871,289.919463864
65700.0,290.92162429,287.514231747,289.858326547
66000.0,290.888519292,287.458427868,289.79608324
66300.0,290.854769714,287.403287914,289.734094426
66600.0,290.820406694,287.349260618,289.672967108
66900.0,290.785465091,287.296497322,289.612932952
67200.0,290.749982219,287.245004934,289.554041784
67500.0,290.713996538,287.194724409,289.49625972
67800.0,290.677546542,287.145570348,289.439518119
68100.0,290.640669907,287.09745041,289.383737346
68400.0,290.603402887,287.050274377,289.328837805
68700.0,290.536748921,287.003905063,289.274699163
69000.0,290.475419527,286.965837064,289.229420187
69300.0,290.417982793,286.932424404,289.188972282
69600.0,290.363250611,286.901922315,289.151451168
69900.0,290.310721564,286.873365618,289.115847354
70200.0,290.259919093,286.846206391,289.081595169
70500.0,290.210508433,286.820135383,289.048382679
70800.0,290.162439022,286.794970014,289.016030701
71100.0,290.115615709,286.770595311,288.984429587
71400.0,290.06991865,286.746933426,288.953507066
71700.0,290.025232929,286.723927492,288.923211524
72000.0,289.98145652,286.701533072,288.893503322
72300.0,289.938398404,286.655138498,288.839961851
72600.0,289.895918137,286.617525609,288.796117633
72900.0,289.853946128,286.584915791,288.757730446
73200.0,289.812448773,286.555314575,288.722605053
73500.0,289.771328937,286.527748093,288.68982548
73800.0,289.730599956,286.501870713,288.658981514
74100.0,289.690262596,286.477523831,288.629918312
74400.0,289.650321078,286.454710534,288.602669251
74700.0,289.610785129,286.433550887,288.577399727
75000.0,289.57167043,286.414258241,288.554380321
75300.0,289.53299867,286.397124897,288.5339695
75600.0,289.494798466,286.382530825,288.516626143
75900.0,289.457107538,286.371022611,288.503013961
76200.0,289.419974497,286.34553919,288.471223665
76500.0,289.383115836,286.313680233,288.431149089
76800.0,289.346518564,286.279246265,288.387704081
77100.0,289.310108313,286.244210529,288.34340838
77400.0,289.273828705,286.209507416,288.299442298
77700.0,289.237640882,286.175544603,288.25631637
78000.0,289.201520431,286.142468444,288.214213317
78300.0,289.165454327,286.110292677,288.173149909
78600.0,289.129437806,286.07898804,288.133093399
78900.0,289.093472072,286.048502184,288.093983059
79200.0,289.05756249,286.018776579,288.055750844
79500.0,289.021717186,285.989754193,288.018330596
79800.0,288.985929027,285.958090561,287.978881146
80100.0,288.950182217,285.924908971,287.938291142
80400.0,288.914460092,285.89083121,287.897039518
80700.0,288.87874705,285.856194348,287.85537943
81000.0,288.843029341,285.821182724,287.81344668
81300.0,288.807295217,285.785899338,287.771316196
81600.0,288.771534819,285.750401081,287.729028437
81900.0,288.735739949,285.714722055,287.686607716
82200.0,288.699903826,285.678884001,287.644069704
82500.0,288.664020855,285.642902083,287.601425588
82800.0,288.628086438,285.606787163,287.558683431
83100.0,288.592096813,285.570547466,287.515849356
83400.0,288.556061958,285.537172773,287.475944988
83700.0,288.520005883,285.505379068,287.437644699
84000.0,288.483951818,285.474486176,287.400257611
84300.0,288.447920162,285.444132837,287.363422329
84600.0,288.411928059,285.414125197,287.32694757
84900.0,288.375989081,285.384356233,287.290728884
85200.0,288.340114004,285.354765676,287.254707927
85500.0,288.304311328,285.325318142,287.218850598
85800.0,288.268587708,285.295991732,287.183135781
86100.0,288.232947704,285.266768706,287.147546022
86400.0,288.197393762,285.237632484,287.112064633
86700.0,288.161929011,285.208581066,287.07668985
87000.0,288.126520188,285.172960683,287.034799901
87300.0,288.091119706,285.133582199,286.989250562
87600.0,288.055675142,285.091999383,286.941594805
87900.0,288.020138967,285.049043901,286.892649752
88200.0,287.984470378,285.005165618,286.842850202
88500.0,287.948635365,284.960612747,286.792432522
88800.0,287.912606117,284.915526514,286.74152959
89100.0,287.876360223,284.869991018,286.690219921
89400.0,287.839879865,284.824059532,286.638553145
89700.0,287.803151083,284.777768425,286.586563256
90000.0,287.766163141,284.731144345,286.534275336
90300.0,287.728907994,284.684207947,286.481708977
90600.0,287.6914159,284.64702616,286.438641247
90900.0,287.653768416,284.615132602,286.400680078
91200.0,287.61606809,284.586323015,286.365666791
91500.0,287.578370134,284.559483182,286.332545048
91800.0,287.540734137,284.53396696,286.300704239
92100.0,287.503211411,284.509422519,286.269815448
92400.0,287.465844546,284.48565307,286.239696454
92700.0,287.428668843,284.462538657,286.210236852
93000.0,287.391711802,284.440015957,286.181378587
93300.0,287.354996242,284.418033303,286.15307391
93600.0,287.318540036,284.396558014,286.125292381
93900.0,287.28235756,284.375563005,286.098008411
94200.0,287.246453831,284.349931867,286.06630128
94500.0,287.210805557,284.321938556,286.032392952
94800.0,287.175317064,284.292550781,285.99719673
95100.0,287.139987014,284.262356317,285.961280249
95400.0,287.104792243,284.23169256,285.924960672
95700.0,287.069710403,284.200733753,285.88839838
96000.0,287.03472296,284.16958105,285.851685485
96300.0,286.99981557,284.138312386,285.814893637
96600.0,286.96497489,284.106945686,285.778037591
96900.0,286.930190222,284.07549584,285.741130377
97200.0,286.895452964,284.043977176,285.704185185
97500.0,286.860756077,284.012400203,285.667211908
97800.0,286.826124386,283.984888369,285.634361547
98100.0,286.791569896,283.959774399,285.603949692
98400.0,286.757129145,283.936118014,285.575005618
98700.0,286.722831525,283.913382488,285.546991048
99000.0,286.688700644,283.891297356,285.519640704
99300.0,286.654756449,283.869709621,285.492806189
99600.0,286.621015359,283.848532197,285.466404061
99900.0,286.58749068,283.82771423,285.440386154
100200.0,286.554193094,283.807224697,285.41472335
100500.0,286.521131122,283.78704357,285.389396929
100800.0,286.488311533,283.767157081,285.364394003
101100.0,286.455739697,283.747555192,285.339705103
101400.0,286.423426383,283.730637446,285.317329797
101700.0,286.391396526,283.71545265,285.296487802
102000.0,286.359672838,283.701476717,285.276753416
102300.0,286.328275768,283.688422452,285.257895356
102600.0,286.297223482,283.676130191,285.23978555
102900.0,286.266532034,283.664497829,285.222339762
103200.0,286.236216301,283.653483285,285.205526004
103500.0,286.206291011,283.643047999,285.189311408
103800.0,286.176769501,283.633197536,285.173703635
104100.0,286.147654783,283.62385209,285.158626601
104400.0,286.118940184,283.615014046,285.144083284
104700.0,286.090623603,283.606671114,285.130061699
105000.0,286.062685486,283.593236939,285.111136792
105300.0,286.035077447,283.576995943,285.089560846
105600.0,286.007752549,283.559174628,285.066523947
105900.0,285.980669689,283.540445273,285.042668583
106200.0,285.953791468,283.521180701,285.018345501
106500.0,285.927086748,283.501588067,284.993746761
106800.0,285.900530802,283.481785414,284.968980385
107100.0,285.874104308,283.461842517,284.9441095
107400.0,285.847792236,283.441802474,284.919172743
107700.0,285.821582883,283.421693252,284.894195071
108000.0,285.795467099,283.401533975,284.869193562
108300.0,285.769437719,283.381338428,284.844180614
108600.0,285.743493218,283.364082067,284.822173554
108900.0,285.717676131,283.348644007,284.80200437
109200.0,285.692014139,283.334373443,284.783010134
109500.0,285.666531362,283.320911611,284.764831316
109800.0,285.641248402,283.30805997,284.74727197
110100.0,285.616182526,283.29570751,284.730224131
110400.0,285.59134803,283.283791176,284.713627325
110700.0,285.566756656,283.272274365,284.697446901
111000.0,285.542418008,283.261135211,284.681662398
111300.0,285.518339917,283.250360193,284.666261298
111600.0,285.49452877,283.239940621,284.651235631
111900.0,285.50007577,283.229920443,284.636623117
112200.0,285.500974094,283.219491243,284.621966021
112500.0,285.498175615,283.208913686,284.612822469
112800.0,285.492554452,283.198298313,284.612042769
113100.0,285.484898461,283.187728277,284.620390562
113400.0,285.475917365,283.17718244,284.639700757
113700.0,285.466098612,283.167479234,284.650945539
114000.0,285.455704508,283.158737716,284.651672054
114300.0,285.444908742,283.150774539,284.646677976
114600.0,285.433851361,283.143505509,284.639068433
114900.0,285.422640415,283.136861585,284.630565511
115200.0,285.411364646,283.130786477,284.622109662
115500.0,285.401451362,283.55760029,285.042826443
115800.0,285.394556829,283.830024536,285.311929724
116100.0,285.390744667,284.015678072,285.502996005
116400.0,285.389817869,284.14633249,285.643519318
116700.0,285.391496137,284.24431558,285.751881168
117000.0,285.395507577,284.322686271,285.840245134
117300.0,285.401578717,284.389604523,285.916589493
117600.0,285.409451849,284.449945601,285.985736792
117900.0,285.418863648,284.506696332,286.050579463
118200.0,285.429578082,284.561875649,286.112863352
118500.0,285.441721498,284.617080829,286.173686255
118800.0,285.455377732,284.672427318,286.233740187
119100.0,285.470540065,284.727861283,286.293567499
119400.0,285.487155058,284.782903959,286.352504386
119700.0,285.505155156,284.837212845,286.411306637
120000.0,285.524425308,284.89053103,286.469873087
120300.0,285.544902043,284.942778036,286.527889811
120600.0,285.56651875,284.994093129,286.585257947
120900.0,285.589212947,285.044664743,286.641966332
121200.0,285.612928029,285.094672613,286.698041384
121500.0,285.63761261,285.144275388,286.753530496
121800.0,285.663219477,285.193612182,286.808498622
122100.0,285.689705814,285.242799236,286.863028854
122400.0,285.717032824,285.291932923,286.917196212
122700.0,285.745166086,285.341087158,286.970726548
123000.0,285.774050912,285.390470649,287.023420976
123300.0,285.80362779,285.439958128,287.075144365
123600.0,285.833845139,285.489495036,287.125888086
123900.0,285.864658356,285.539065087,287.175694512
124200.0,285.896028575,285.588673447,287.224625782
124500.0,285.927921633,285.638336986,287.272749155
124800.0,285.960307142,285.688080686,287.320133438
125100.0,285.993157894,285.737934462,287.366843316
125400.0,286.026449607,285.78792183,287.412931549
125700.0,286.060160349,285.83806589,287.458444168
126000.0,286.094271039,285.888364527,287.503405265
126300.0,286.128762874,285.938861077,287.547864934
126600.0,286.163609729,285.986819364,287.589731991
126900.0,286.198776102,286.033278943,287.629724359
127200.0,286.234228724,286.078894364,287.668308938
127500.0,286.269935556,286.124111818,287.705802239
127800.0,286.30587183,286.169161953,287.742380488
128100.0,286.342012384,286.214248678,287.778197217
128400.0,286.378337184,286.259448894,287.81333215
128700.0,286.414825438,286.304895512,287.847881509
129000.0,286.451459816,286.350664123,287.88190329
129300.0,286.488224996,286.39681837,287.915438039
129600.0,286.525104873,286.44327707,287.948369362
129900.0,286.561982089,286.441354747,287.931039402
130200.0,286.598733636,286.459010942,287.93114255
130500.0,286.635375267,286.489212663,287.942455118
130800.0,286.67194592,286.52786724,287.961534503
131100.0,286.708496523,286.572625831,287.986471442
131400.0,286.745076288,286.622085248,288.01598576
131700.0,286.781736157,286.675367713,288.049173156
132000.0,286.818524788,286.732025129,288.085506262
132300.0,286.855489677,286.791832927,288.124750519
132600.0,286.89267699,286.854775923,288.166936372
132900.0,286.930133627,286.920946592,288.211986181
133200.0,286.967908362,286.99052638,288.259866079
133500.0,287.006329401,287.168170451,288.416598294
133800.0,287.045621284,287.282367058,288.509671059
134100.0,287.08554497,287.357274937,288.561668528
134400.0,287.125853087,287.408380374,288.588270338
134700.0,287.166289855,287.445261634,288.599236664
135000.0,287.206659079,287.473267714,288.600360704
135300.0,287.246789955,287.495609194,288.595149206
135600.0,287.286542985,287.514139352,288.585653891
135900.0,287.325807018,287.529921905,288.573068699
136200.0,287.364494749,287.543564771,288.558084613
136500.0,287.402538263,287.555410076,288.541094397
136800.0,287.439885113,287.565640093,288.522308153
137100.0,287.476495081,287.574332697,288.501814135
137400.0,287.512328582,287.586766591,288.486006397
137700.0,287.54735719,287.600843308,288.472716975
138000.0,287.581561335,287.615288386,288.460620668
138300.0,287.614925895,287.629296965,288.448880554
138600.0,287.647437727,287.642343001,288.436958089
138900.0,287.679084463,287.654109931,288.42451334
139200.0,287.709854471,287.664393375,288.411307794
139500.0,287.739731495,287.673057109,288.397202721
139800.0,287.768707606,287.679936454,288.382048944
140100.0,287.796770318,287.68490347,288.365753179
140400.0,287.823908447,287.687834384,288.348231714
140700.0,287.850112681,287.688607758,288.329399731
141000.0,287.875391962,287.691420437,288.311889498
141300.0,287.899788313,287.69552664,288.295208911
141600.0,287.923362973,287.700432855,288.27893259
141900.0,287.946200608,287.70588342,288.262896326
142200.0,287.968233269,287.711451951,288.246987388
142500.0,287.989312036,287.716869476,288.23111156
142800.0,288.009371624,287.721944872,288.215177511
143100.0,288.028381408,287.726531505,288.199102938
143400.0,288.046328369,287.730502298,288.182816578
143700.0,288.063210234,287.733901201,288.166256677
144000.0,288.07902954,287.733225681,288.149316884
144300.0,288.093691043,287.720091631,288.131923264
144600.0,288.1071551,287.711846911,288.110016002
144900.0,288.119593384,287.709366925,288.085287002
145200.0,288.131186596,287.713896997,288.058766741
145500.0,288.142121394,287.726821205,288.031082353
145800.0,288.152585184,287.749349078,288.002652186
146100.0,288.162401558,287.740067919,287.975545392
146400.0,288.1712044,287.706340412,287.949527422
146700.0,288.178696011,287.657490249,287.924356155
147000.0,288.184693771,287.600310993,287.899764286
147300.0,288.189108748,287.539792758,287.875514935
147600.0,288.191925491,287.47980766,287.851414265
147900.0,288.191935639,286.939596855,287.351751059
148200.0,288.187760727,286.561916647,287.019858131
148500.0,288.179436623,286.31391102,286.806937931
148800.0,288.167276193,286.146286144,286.664373247
149100.0,288.151698537,286.026718915,286.562668155
149400.0,288.133178923,285.934926251,286.483985013
149700.0,288.112176418,285.859474363,286.418531175
150000.0,288.08910166,285.79405621,286.361024728
150300.0,288.064305627,285.735200243,286.308624281
150600.0,288.038083031,285.680964007,286.259781517
150900.0,288.010678667,285.630266185,286.213668128
151200.0,287.98229558,285.582511628,286.169859343
151500.0,287.953103564,285.537388056,286.128165085
151800.0,287.923223456,285.499402698,286.092843646
152100.0,287.892948085,285.465912524,286.061518817
152400.0,287.862370837,285.435719276,286.033033742
152700.0,287.831603885,285.408006009,286.006633008
153000.0,287.800747279,285.382272772,285.9818703
153300.0,287.769885001,285.358198891,285.958468342
153600.0,287.739086578,285.335565473,285.936243718
153900.0,287.708409325,285.314213081,285.915066617
154200.0,287.677900432,285.294018522,285.894839088
154500.0,287.647598745,285.274881924,285.875483119
154800.0,287.617536242,285.256719382,285.856933966
155100.0,287.558943191,285.239414993,285.839095472
155400.0,287.50633883,285.220766385,285.81979357
155700.0,287.458203108,285.201572184,285.799843583
156000.0,287.413468931,285.182259646,285.779682976
156300.0,287.37137706,285.163053887,285.759544462
156600.0,287.331379412,285.144069906,285.739549582
156900.0,287.29307436,285.125362764,285.719759456
157200.0,287.256163299,285.106955058,285.700202436
157500.0,287.220421164,285.088852002,285.680889216
157800.0,287.185676139,285.071049716,285.661821109
158100.0,287.151795431,285.053539779,285.642994573
158400.0,287.118675177,285.036311714,285.624403688
158700.0,287.086104351,284.994679922,285.581442554
159000.0,287.053985507,284.963496122,285.548936839
159300.0,287.02227044,284.93825542,285.522320529
159600.0,286.990935435,284.916415602,285.499039261
159900.0,286.959943055,284.896611433,285.477736395
160200.0,286.929288483,284.878132947,285.457710065
160500.0,286.898972509,284.860543612,285.438531689
160800.0,286.868994546,284.843584093,285.419949226
161100.0,286.839353332,284.827101629,285.40181595
161400.0,286.810047002,284.811004998,285.384045438
161700.0,286.781073141,284.795238205,285.366585478
162000.0,286.752428862,284.779765473,285.349403304
162300.0,286.724110894,284.764562758,285.33247731
162600.0,286.696116617,284.749767051,285.316000623
162900.0,286.668443897,284.735302594,285.299877882
163200.0,286.641090345,284.721122791,285.284052054
163500.0,286.614053256,284.707198142,285.268488244
163800.0,286.587329632,284.69350918,285.253164361
164100.0,286.560916236,284.680042394,285.238065781
164400.0,286.534809654,284.666787882,285.223182302
164700.0,286.509006349,284.653737998,285.208506409
165000.0,286.483502705,284.64088656,285.194032277
165300.0,286.458295068,284.628228396,285.179755195
165600.0,286.433379779,284.615759065,285.165671235
165900.0,286.408753194,284.603474688,285.151777042
166200.0,286.384371998,284.583642792,285.130393874
166500.0,286.360152522,284.559265648,285.104553287
166800.0,286.336035961,284.532280375,285.076195801
167100.0,286.311966656,284.503873611,285.046506008
167400.0,286.28789959,284.47479944,285.016236077
167700.0,286.263801137,284.445575327,284.985904495
168000.0,286.239648647,284.416599871,284.955914885
168300.0,286.215429843,284.388226884,284.926630579
168600.0,286.1911424,284.36081686,284.898426588
168900.0,286.166793948,284.334779233,284.871732659
169200.0,286.142402738,284.31061281,284.847075267
169500.0,286.117999106,284.288954372,284.825130489
169800.0,286.093576304,284.261852972,284.796745401
170100.0,286.069100602,284.232272171,284.76536464
170400.0,286.044544477,284.201836386,284.732880299
170700.0,286.019889187,284.17137727,284.700266509
171000.0,285.995124428,284.141294,284.667995691
171300.0,285.97024692,284.111755955,284.63627336
171600.0,285.945258925,284.082809414,284.605162093
171900.0,285.920166144,284.054455547,284.574670436
172200.0,285.894977105,284.026661318,284.544767123
172500.0,285.869701994,283.999382727,284.515407476
172800.0,285.844351794,283.972575915,284.48654607
173100.0,285.818937761,283.946200019,284.45814017
173400.0,285.793479081,283.921784253,284.431858843
173700.0,285.768003112,283.898539603,284.406837156
174000.0,285.742534644,283.876021253,284.382590858
174300.0,285.717094215,283.853980266,284.358850675
174600.0,285.69169801,283.832274019,284.335463344
174900.0,285.666358234,283.810818155,284.31233883
175200.0,285.641083773,283.789560761,284.289422101
175500.0,285.615880982,283.768468435,284.266677988
175800.0,285.590757116,283.747522627,284.244087096
176100.0,285.565717757,283.726708988,284.221634546
176400.0,285.540765615,283.706014685,284.199307107
176700.0,285.515902579,283.685430009,284.17709483
177000.0,285.491078057,283.663813268,284.153754848
177300.0,285.466319499,283.64164756,284.129815823
177600.0,285.441622174,283.619230454,284.105603356
177900.0,285.416980724,283.596731449,284.081302141
178200.0,285.392390711,283.57424471,284.057014353
178500.0,285.367848836,283.55182145,284.03279536
178800.0,285.343352859,283.529488687,284.008674296
179100.0,285.318901422,283.507259909,283.984665696
179400.0,285.294493874,283.485141084,283.960776019
179700.0,285.270130104,283.463134036,283.937007299
180000.0,285.245810403,283.441238337,283.913359166
180300.0,285.22153535,283.419452363,283.889829981
180600.0,285.19731884,283.399528601,283.86816794
180900.0,285.173170738,283.38085383,283.847753066
181200.0,285.149109319,283.363058347,283.828219936
181500.0,285.12515066,283.345904034,283.809332722
181800.0,285.10130823,283.329247565,283.790949525
182100.0,285.077593519,283.313002055,283.772984463
182400.0,285.054016228,283.297113396,283.755384099
182700.0,285.030584482,283.281546476,283.738113734
183000.0,285.007305061,283.266277288,283.721149587
183300.0,284.984183601,283.25128843,283.704474352
183600.0,284.961224781,283.236566532,283.688074669
183900.0,284.938432472,283.222100772,283.67193967
184200.0,284.915826655,283.204261898,283.652474425
184500.0,284.89330915,283.184485793,283.631098508
184800.0,284.870878352,283.163439939,283.608482355
185100.0,284.848513676,283.141602379,283.58510007
185400.0,284.82619432,283.119252481,283.561226489
185700.0,284.803902402,283.096553831,283.537021473
186000.0,284.78162305,283.073603454,283.512579281
186300.0,284.759344101,283.050460145,283.487956748
186600.0,284.737055695,283.027160653,283.463189267
186900.0,284.714749883,283.003728913,283.438299832
187200.0,284.692420284,282.980181311,283.413304181
187500.0,284.670061786,282.95652971,283.388213718
187800.0,284.647661512,282.930957644,283.36119493
188100.0,284.625199801,282.90418841,283.332982958
188400.0,284.602658693,282.876636959,283.303997218
188700.0,284.580022628,282.848542867,283.274478453
189000.0,284.55727856,282.820046142,283.244566532
189300.0,284.534415776,282.791230157,283.21434428
189600.0,284.511425617,282.762145957,283.183862148
189900.0,284.488301156,282.732826007,283.153152083
190200.0,284.465036913,282.703291992,283.122235357
190500.0,284.441628591,282.673559243,283.091126979
190800.0,284.418072861,282.643639258,283.059838193
191100.0,284.394367182,282.613541146,283.028377906
191400.0,284.370508715,282.583069103,282.996532156
191700.0,284.346494134,282.552306744,282.964392246
192000.0,284.322320632,282.521303249,282.932011428
192300.0,284.297985938,282.490088299,282.899421534
192600.0,284.273488283,282.458680492,282.866642284
192900.0,284.248826336,282.427092072,282.833686499
193200.0,284.223999148,282.395331591,282.800563022
193500.0,284.199006084,282.363405407,282.76727835
193800.0,284.173846776,282.331318539,282.733837559
194100.0,284.148521076,282.299075148,282.700244827
194400.0,284.123029019,282.266678815,282.666503729
194700.0,284.097370789,282.234132711,282.632617418
195000.0,284.07156521,282.20279274,282.599969042
195300.0,284.045644605,282.172217403,282.568103007
195600.0,284.019636737,282.142160346,282.536766324
195900.0,283.993565147,282.112483213,282.505817582
196200.0,283.967449708,282.083107525,282.475176935
196500.0,283.941307204,282.053988125,282.444798633
196800.0,283.915151862,282.025098512,282.41465594
197100.0,283.888994999,281.996427429,282.384629607
197400.0,283.862863545,281.967862079,282.356975367
197700.0,283.836804933,281.939354623,282.332391961
198000.0,283.81087216,281.91090117,282.310650722
198300.0,283.813996237,281.882538804,282.291726143
198600.0,283.812582001,281.860398658,282.301887927
198900.0,283.807903726,281.841881996,282.341329816
199200.0,283.801346957,281.825403421,282.410779893
199500.0,283.794200495,281.810015803,282.5111928
199800.0,283.787643298,281.794938214,282.648259372
200100.0,283.782226358,281.782972931,282.751337693
200400.0,283.777780977,281.774285418,282.813091786
200700.0,283.774019027,281.767918649,282.852541706
201000.0,283.770737789,281.763401988,282.881416469
201300.0,283.767849458,281.760362276,282.906019095
201600.0,283.765325412,281.758577851,282.929737091
201900.0,283.764421789,282.1834925,283.37317419
202200.0,283.766628708,282.443030379,283.655060124
202500.0,283.771876392,282.61600407,283.851094349
202800.0,283.779846394,282.735364883,283.998135251
203100.0,283.790146889,282.820755475,284.115213042
203400.0,283.802350317,282.885414513,284.212690293
203700.0,283.816056042,282.937348691,284.297242148
204000.0,283.831411259,282.981375628,284.373294304
204300.0,283.84848873,283.020485758,284.442923133
204600.0,283.867243118,283.056457475,284.507579752
204900.0,283.887583016,283.090394274,284.568428435
205200.0,283.90940495,283.122970976,284.626335642
205500.0,283.932594522,283.154606003,284.681943438
205800.0,283.957038107,283.189283384,284.741309004
206100.0,283.982686328,283.226108932,284.803091754
206400.0,284.009512796,283.264338647,284.866245596
206700.0,284.037475185,283.303492963,284.93004739
207000.0,284.066531903,283.34391215,284.993984334
207300.0,284.096637406,283.385715453,285.057716349
207600.0,284.127748665,283.428909774,285.121005351
207900.0,284.159824345,283.473484367,285.183685672
208200.0,284.19282469,283.519462602,285.245641098
208500.0,284.226711236,283.567009155,285.30678991
208800.0,284.261450969,283.616078758,285.36705591
209100.0,284.297002158,283.666348576,285.426421702
209400.0,284.333262616,283.716899303,285.48168396
209700.0,284.370101873,283.767574476,285.533615076
210000.0,284.407414066,283.818286877,285.582766174
210300.0,284.445112518,283.868994905,285.629539263
210600.0,284.483125897,283.919686081,285.674234025
210900.0,284.52139522,283.970365871,285.71707919
211200.0,284.559871461,284.021050353,285.758254163
211500.0,284.598513637,284.071761506,285.797903152
211800.0,284.637287283,284.122524268,285.836144688
212100.0,284.67616324,284.173364764,285.873078369
212400.0,284.715116692,284.22430931,285.908789546
212700.0,284.754126399,284.27538397,285.943352617
213000.0,284.793133916,284.324882429,285.974756099
213300.0,284.832066029,284.373171085,286.003541595
213600.0,284.870863681,284.420515412,286.030097289
213900.0,284.909479094,284.467116083,286.054708298
214200.0,284.947873592,284.513141459,286.077595055
214500.0,284.986015498,284.558597683,286.098936553
214800.0,285.023881027,284.603435296,286.118873501
215100.0,285.061449141,284.647679239,286.137534298
215400.0,285.09870349,284.69139105,286.155026653
215700.0,285.135631181,284.7346355,286.171443557
216000.0,285.172218859,284.777305786,286.186696501
216300.0,285.208382347,284.771139448,286.152377171
216600.0,285.244050614,284.783251089,286.136405465
216900.0,285.279322446,284.807902121,286.13265248
217200.0,285.314298036,284.841645017,286.137043354
217500.0,285.349069393,284.882100324,286.146940914
217800.0,285.383716314,284.927635188,286.160655677
218100.0,285.418307282,284.977115738,286.177082786
218400.0,285.452901351,285.029750336,286.195481226
218700.0,285.487549228,285.084989367,286.215347898
219000.0,285.52229424,285.142458172,286.236337815
219300.0,285.557173317,285.201862459,286.258211455
219600.0,285.592217983,285.262915915,286.2807991
219900.0,285.627730603,285.430106619,286.409491589
220200.0,285.663954067,285.558352741,286.500774256
220500.0,285.700800097,285.660774509,286.566998171
220800.0,285.738156913,285.746213599,286.616295147
221100.0,285.775909997,285.820362795,286.653913334
221400.0,285.813953496,285.886871668,286.683303909
221700.0,285.852194318,285.948149146,286.706769874
222000.0,285.890553459,286.00583641,286.725850122
222300.0,285.928964422,286.061048982,286.741584806
222600.0,285.967372144,286.114525499,286.754690245
222900.0,286.005730407,286.16675893,286.765674493
223200.0,286.04399993,286.218082612,286.774904373
223500.0,286.082147043,286.268724388,286.782646902
223800.0,286.120105577,286.31814702,286.789951703
224100.0,286.157805248,286.366296353,286.796617451
224400.0,286.195188937,286.413141918,286.802536827
224700.0,286.232209958,286.458670226,286.807663489
225000.0,286.26883017,286.502879261,286.811992694
225300.0,286.305018621,286.545774493,286.815549207
225600.0,286.340750644,286.58736635,286.818379715
225900.0,286.376007336,286.627668714,286.820548272
226200.0,286.410775372,286.666698148,286.82213393
226500.0,286.445047166,286.704473612,286.823230022
226800.0,286.478821449,286.741016508,286.823944808
227100.0,286.512104746,286.776350242,286.824403378
227400.0,286.544925521,286.80903241,286.820582523
227700.0,286.577342468,286.839771267,286.813259725
228000.0,286.609353976,286.869099618,286.802993958
228300.0,286.640775148,286.897441443,286.790169356
228600.0,286.671479677,286.925161025,286.775059599
228900.0,286.701388963,286.952606213,286.758152172
229200.0,286.730456147,286.980142462,286.739873931
229500.0,286.758650834,287.008193786,286.720431052
229800.0,286.785960634,287.037279631,286.699934457
230100.0,286.812388211,287.068072423,286.678446298
230400.0,286.837936509,287.099076133,286.656013283
230700.0,286.862521289,287.103883665,286.632501056
231000.0,286.886049971,287.117221938,286.606446725
231300.0,286.908625963,287.140274077,286.578445185
231600.0,286.93039862,287.175319714,286.548736118
231900.0,286.951503198,287.225192391,286.517537018
232200.0,286.972056657,287.294730025,286.484944509
232500.0,286.991895189,287.304786255,286.454595606
232800.0,287.010790997,287.256377347,286.426254274
233100.0,287.028363476,287.171521611,286.399216905
233400.0,287.044158946,287.065749776,286.372820148
233700.0,287.057790458,286.950238403,286.346552053
234000.0,287.068995454,286.833168966,286.320023543
234300.0,287.076440665,286.2438772,285.831110289
234600.0,287.078682491,285.844192303,285.517969114
234900.0,287.075794613,285.584469331,285.320787672
235200.0,287.068135164,285.409239193,285.1906988
235500.0,287.056251435,285.282719279,285.098116591
235800.0,287.040738091,285.184551851,285.026697342
236100.0,287.02216485,285.103299947,284.967431351
236400.0,287.001046081,285.032674756,284.915454353
236700.0,286.97782233,284.969142485,284.868088234
237000.0,286.952860508,284.910683828,284.82384209
237300.0,286.92647739,284.856065624,284.781844363
237600.0,286.898927746,284.804511257,284.741570793
237900.0,286.870415934,284.755500044,284.702687012
238200.0,286.841115496,284.708365029,284.664672472
238500.0,286.811173637,284.662998145,284.627535994
238800.0,286.780708104,284.619277075,284.591250969
239100.0,286.749816156,284.577074781,284.555772483
239400.0,286.718579358,284.536265903,284.521047292
239700.0,286.687066584,284.496731035,284.487019901
240000.0,286.655336212,284.45835897,284.453635982
240300.0,286.623437865,284.421047553,284.42084413
240600.0,286.59141383,284.38470371,284.388596632
240900.0,286.559300212,284.349243033,284.356849689
241200.0,286.52712789,284.314589166,284.325563355
241500.0,286.466504549,284.28040617,284.2944919
241800.0,286.411503275,284.24782116,284.26471812
242100.0,286.360649974,284.216385224,284.235823059
242400.0,286.312913439,284.185836297,284.207571713
242700.0,286.267565857,284.156013525,284.179827375
243000.0,286.224086364,284.126811676,284.152506412
243300.0,286.182097628,284.098157169,284.125554507
243600.0,286.141323007,284.069995248,284.098934042
243900.0,286.101557082,284.042282909,284.072617285
244200.0,286.062645363,284.01498488,284.046582627
244500.0,286.024470278,283.988071257,284.020812413
244800.0,285.98693099,283.961515232,283.995292615
245100.0,285.949729225,283.911247491,283.945993106
245400.0,285.912899496,283.870800705,283.906415428
245700.0,285.876388819,283.835814646,283.872208533
246000.0,285.840175057,283.803909488,283.840999321
246300.0,285.804246124,283.773794496,283.811504404
246600.0,285.76859541,283.744773953,283.783035125
246900.0,285.73316075,283.716369163,283.755131456
247200.0,285.697964745,283.68847102,283.72768246
247500.0,285.66303412,283.660983598,283.700591006
247800.0,285.628366844,283.633812997,283.673768203
248100.0,285.593954905,283.606899252,283.647159474
248400.0,285.559798978,283.580209698,283.620735754
248700.0,285.525842874,283.553690459,283.594453869
249000.0,285.492112631,283.525932652,283.566894504
249300.0,285.458580045,283.497498643,283.538627589
249600.0,285.425232079,283.468741697,283.510010502
249900.0,285.392057191,283.439875447,283.48126005
250200.0,285.359044829,283.411020995,283.452499958
250500.0,285.326185883,283.382244683,283.423798792
250800.0,285.293472767,283.353581671,283.395193636
251100.0,285.260899289,283.325049659,283.366703878
251400.0,285.228460469,283.296656659,283.33833903
251700.0,285.196152326,283.268405362,283.310103111
252000.0,285.163971692,283.240295564,283.281997107
252300.0,285.131916044,283.212325516,283.254020335
252600.0,285.099981039,283.184721881,283.226402046
252900.0,285.068167937,283.157385759,283.199043453
253200.0,285.03648321,283.130278246,283.17190578
253500.0,285.004926325,283.103347823,283.144937992
253800.0,284.973499891,283.07656794,283.118113912
254100.0,284.942202233,283.049912132,283.091407586
254400.0,284.911032075,283.023366816,283.064805895
254700.0,284.879988382,282.996924749,283.03830201
255000.0,284.849070191,282.970581601,283.011891976
255300.0,284.818276525,282.944334367,282.985573135
255600.0,284.787606359,282.918180663,282.959343423
255900.0,284.757058621,282.892118422,282.933201075
256200.0,284.726659774,282.86669033,282.907691732
256500.0,284.696440673,282.841680352,282.882597598
256800.0,284.666366476,282.81692264,282.857753393
257100.0,284.636405286,282.792354816,282.833097463
257400.0,284.606525515,282.767953397,282.808607077
257700.0,284.576748985,282.743698962,282.78426219
258000.0,284.547102867,282.719560526,282.76003113
258300.0,284.517599599,282.695523579,282.735899307
258600.0,284.488242191,282.671583286,282.711862133
258900.0,284.459026983,282.64773718,282.687917524
259200.0,284.429956209,282.623982393,282.664062913
